{
  "project_info": {
    "project_number": "492473024678",
    "firebase_url": "https://chat-app-c8df8.firebaseio.com",
    "project_id": "chat-app-c8df8",
    "storage_bucket": "chat-app-c8df8.appspot.com"
  },
  "client": [
    {
      "client_info": {
        "mobilesdk_app_id": "1:492473024678:android:6d72b93b0eedf62f",
        "android_client_info": {
          "package_name": "com.example.user.chat_app"
        }
      },
      "oauth_client": [
        {
          "client_id": "492473024678-a791hl9j3h450bhf98q6jln2ik981q2f.apps.googleusercontent.com",
          "client_type": 1,
          "android_info": {
            "package_name": "com.example.user.chat_app",
            "certificate_hash": "5ae0ba7135892a3c19c60c93b3eded40a547133a"
          }
        },
        {
          "client_id": "492473024678-25u9c7vgvkk514nb7mdsms5er359b28v.apps.googleusercontent.com",
          "client_type": 3
        }
      ],
      "api_key": [
        {
          "current_key": "AIzaSyDfqu0HapkJIPFkPmBKDRpMYU_WEJMShTI"
        }
      ],
      "services": {
        "analytics_service": {
          "status": 1
        },
        "appinvite_service": {
          "status": 2,
          "other_platform_oauth_client": [
            {
              "client_id": "492473024678-25u9c7vgvkk514nb7mdsms5er359b28v.apps.googleusercontent.com",
              "client_type": 3
            }
          ]
        },
        "ads_service": {
          "status": 2
        }
      }
    }
  ],
  "configuration_version": "1"
}